{
    "version": "1.0.0",
    "name": "Mario from Starman Funk [First State]",
    "assetPath": "characters/MarioStarmanFirst",
    "scale": 0.9,
    "animations": [
        {
            "name": "idle",
            "prefix": "MARIO idle dance",
            "offsets": [0, 0]
        },
        {
            "name": "singUP",
            "prefix": "MARIO NOTE UP",
            "offsets": [0, 0]
        },
        {
            "name": "singLEFT",
            "prefix": "MARIO NOTE RIGHT",
            "offsets": [0, 0]
        },
        {
            "name": "singDOWN",
            "prefix": "MARIO NOTE DOWN",
            "offsets": [0, 0]
        },
        {
            "name": "singRIGHT",
            "prefix": "MARIO NOTE LEFT",
            "offsets": [0, 0]
        }
    ]
}