{
  "version": "2.0.0",
  "scrollSpeed": {
    "easy": 1.6,
    "hard": 1.6,
    "normal": 1.6
  },
  "events": [
    {
      "t": 0,
      "e": "FocusCamera",
      "v": {
	"char": 1
}
    },
    {
      "t": 3825,
      "e": "FocusCamera",
      "v": {
	"char": 0
}
    },
    {
      "t": 7725,
      "e": "FocusCamera",
      "v": {
	"char": 0
}
    },
    {
      "t": 11550,
      "e": "FocusCamera",
      "v": {
	"char": 1
}
    },
    {
      "t": 15525,
      "e": "FocusCamera",
      "v": {
	"char": 1
}
    },
    {
      "t": 19200,
      "e": "FocusCamera",
      "v": {
	"char": 0
}
    },
    {
      "t": 23325,
      "e": "PlayAnimation",
      "v": {
	"anim": "cheerss",
	"force": false,
	"target": "girlfriend"
}
    },
    {
      "t": 23550,
      "e": "FocusCamera",
      "v": {
	"char": 1
}
    },
    {
      "t": 27000,
      "e": "FocusCamera",
      "v": {
	"char": 2
}
    },
    {
      "t": 30825,
      "e": "FocusCamera",
      "v": {
	"char": 1
}
    }
  ],
  "notes": {
    "easy": [
      {
        "t": 15525,
        "d": 4,
        "l": 0,
        "p": [        ]
      },
      {
        "t": 15750,
        "d": 7,
        "l": 0,
        "p": [        ]
      },
      {
        "t": 15975,
        "d": 6,
        "l": 0,
        "p": [        ]
      },
      {
        "t": 16275,
        "d": 7,
        "l": 150,
        "p": [        ]
      },
      {
        "t": 16650,
        "d": 4,
        "l": 0,
        "p": [        ]
      },
      {
        "t": 16800,
        "d": 6,
        "l": 225,
        "p": [        ]
      },
      {
        "t": 17325,
        "d": 7,
        "l": 750,
        "p": [        ]
      },
      {
        "t": 18150,
        "d": 4,
        "l": 150,
        "p": [        ]
      },
      {
        "t": 18600,
        "d": 7,
        "l": 300,
        "p": [        ]
      },
      {
        "t": 19200,
        "d": 7,
        "l": 0,
        "p": [        ]
      },
      {
        "t": 19425,
        "d": 3,
        "l": 525,
        "p": [        ]
      },
      {
        "t": 20250,
        "d": 1,
        "l": 525,
        "p": [        ]
      },
      {
        "t": 21000,
        "d": 0,
        "l": 300,
        "p": [        ]
      },
      {
        "t": 21600,
        "d": 3,
        "l": 300,
        "p": [        ]
      },
      {
        "t": 22200,
        "d": 0,
        "l": 300,
        "p": [        ]
      },
      {
        "t": 22800,
        "d": 1,
        "l": 225,
        "p": [        ]
      },
      {
        "t": 23325,
        "d": 2,
        "l": 675,
        "p": [        ]
      },
      {
        "t": 23700,
        "d": 4,
        "l": 0,
        "p": [        ]
      },
      {
        "t": 23925,
        "d": 7,
        "l": 375,
        "p": [        ]
      },
      {
        "t": 24450,
        "d": 4,
        "l": 150,
        "p": [        ]
      },
      {
        "t": 24675,
        "d": 5,
        "l": 375,
        "p": [        ]
      },
      {
        "t": 25200,
        "d": 7,
        "l": 600,
        "p": [        ]
      },
      {
        "t": 25950,
        "d": 4,
        "l": 450,
        "p": [        ]
      },
      {
        "t": 26550,
        "d": 7,
        "l": 600,
        "p": [        ]
      },
      {
        "t": 26700,
        "d": 4,
        "l": 0,
        "p": [        ]
      },
      {
        "t": 27300,
        "d": 4,
        "l": 450,
        "p": [        ]
      },
      {
        "t": 27300,
        "d": 0,
        "l": 450,
        "p": [        ]
      },
      {
        "t": 27900,
        "d": 7,
        "l": 600,
        "p": [        ]
      },
      {
        "t": 27900,
        "d": 3,
        "l": 600,
        "p": [        ]
      },
      {
        "t": 28725,
        "d": 4,
        "l": 225,
        "p": [        ]
      },
      {
        "t": 28725,
        "d": 0,
        "l": 225,
        "p": [        ]
      },
      {
        "t": 29100,
        "d": 7,
        "l": 450,
        "p": [        ]
      },
      {
        "t": 29100,
        "d": 3,
        "l": 450,
        "p": [        ]
      },
      {
        "t": 29700,
        "d": 0,
        "l": 1200,
        "p": [        ]
      },
      {
        "t": 29700,
        "d": 4,
        "l": 600,
        "p": [        ]
      },
      {
        "t": 30450,
        "d": 7,
        "l": 150,
        "p": [        ]
      },
      {
        "t": 31050,
        "d": 2,
        "l": 1800,
        "p": [        ]
      },
      {
        "t": 31200,
        "d": 6,
        "l": 675,
        "p": [        ]
      },
      {
        "t": 31950,
        "d": 7,
        "l": 150,
        "p": [        ]
      },
      {
        "t": 32550,
        "d": 7,
        "l": 150,
        "p": [        ]
      },
      {
        "t": 32925,
        "d": 6,
        "l": 300,
        "p": [        ]
      },
      {
        "t": 33000,
        "d": 3,
        "l": 1500,
        "p": [        ]
      },
      {
        "t": 33375,
        "d": 6,
        "l": 525,
        "p": [        ]
      },
      {
        "t": 34050,
        "d": 4,
        "l": 225,
        "p": [        ]
      },
      {
        "t": 34350,
        "d": 7,
        "l": 225,
        "p": [        ]
      },
      {
        "t": 34650,
        "d": 0,
        "l": 1950,
        "p": [        ]
      },
      {
        "t": 34725,
        "d": 4,
        "l": 300,
        "p": [        ]
      },
      {
        "t": 35175,
        "d": 5,
        "l": 300,
        "p": [        ]
      },
      {
        "t": 35400,
        "d": 7,
        "l": 1350,
        "p": [        ]
      },
      {
        "t": 36750,
        "d": 1,
        "l": 1650,
        "p": [        ]
      },
      {
        "t": 36825,
        "d": 4,
        "l": 375,
        "p": [        ]
      },
      {
        "t": 37200,
        "d": 5,
        "l": 450,
        "p": [        ]
      },
      {
        "t": 37725,
        "d": 7,
        "l": 150,
        "p": [        ]
      },
      {
        "t": 38025,
        "d": 4,
        "l": 225,
        "p": [        ]
      },
      {
        "t": 38475,
        "d": 7,
        "l": 0,
        "p": [        ]
      },
      {
        "t": 38550,
        "d": 3,
        "l": 2250,
        "p": [        ]
      },
      {
        "t": 39000,
        "d": 7,
        "l": 1800,
        "p": [        ]
      },
      {
        "t": 40875,
        "d": 0,
        "l": 1575,
        "p": [        ]
      },
      {
        "t": 40875,
        "d": 4,
        "l": 1575,
        "p": [        ]
      },
      {
        "t": 42600,
        "d": 1,
        "l": 2250,
        "p": [        ]
      },
      {
        "t": 42600,
        "d": 6,
        "l": 2250,
        "p": [        ]
      },
      {
        "t": 44925,
        "d": 3,
        "l": 1725,
        "p": [        ]
      },
      {
        "t": 44925,
        "d": 7,
        "l": 1725,
        "p": [        ]
      },
      {
        "t": 46800,
        "d": 4,
        "l": 150,
        "p": [        ]
      },
      {
        "t": 46800,
        "d": 1,
        "l": 150,
        "p": [        ]
      }
    ],
    "hard": [
      {
        "t": 15525,
        "d": 4,
        "l": 75,
        "p": [        ]
      },
      {
        "t": 15750,
        "d": 7,
        "l": 0,
        "p": [        ]
      },
      {
        "t": 15975,
        "d": 6,
        "l": 150,
        "p": [        ]
      },
      {
        "t": 16275,
        "d": 7,
        "l": 0,
        "p": [        ]
      },
      {
        "t": 16425,
        "d": 7,
        "l": 0,
        "p": [        ]
      },
      {
        "t": 16650,
        "d": 4,
        "l": 0,
        "p": [        ]
      },
      {
        "t": 16800,
        "d": 6,
        "l": 0,
        "p": [        ]
      },
      {
        "t": 17025,
        "d": 5,
        "l": 0,
        "p": [        ]
      },
      {
        "t": 17325,
        "d": 7,
        "l": 0,
        "p": [        ]
      },
      {
        "t": 17625,
        "d": 7,
        "l": 0,
        "p": [        ]
      },
      {
        "t": 17850,
        "d": 7,
        "l": 225,
        "p": [        ]
      },
      {
        "t": 18150,
        "d": 4,
        "l": 0,
        "p": [        ]
      },
      {
        "t": 18225,
        "d": 6,
        "l": 0,
        "p": [        ]
      },
      {
        "t": 18300,
        "d": 7,
        "l": 0,
        "p": [        ]
      },
      {
        "t": 18525,
        "d": 5,
        "l": 0,
        "p": [        ]
      },
      {
        "t": 18600,
        "d": 4,
        "l": 0,
        "p": [        ]
      },
      {
        "t": 18750,
        "d": 6,
        "l": 0,
        "p": [        ]
      },
      {
        "t": 18900,
        "d": 7,
        "l": 0,
        "p": [        ]
      },
      {
        "t": 19050,
        "d": 5,
        "l": 0,
        "p": [        ]
      },
      {
        "t": 19200,
        "d": 4,
        "l": 0,
        "p": [        ]
      },
      {
        "t": 19350,
        "d": 3,
        "l": 75,
        "p": [        ]
      },
      {
        "t": 19650,
        "d": 0,
        "l": 0,
        "p": [        ]
      },
      {
        "t": 19950,
        "d": 3,
        "l": 0,
        "p": [        ]
      },
      {
        "t": 20100,
        "d": 2,
        "l": 0,
        "p": [        ]
      },
      {
        "t": 20250,
        "d": 1,
        "l": 0,
        "p": [        ]
      },
      {
        "t": 20400,
        "d": 1,
        "l": 0,
        "p": [        ]
      },
      {
        "t": 20775,
        "d": 0,
        "l": 0,
        "p": [        ]
      },
      {
        "t": 20850,
        "d": 1,
        "l": 0,
        "p": [        ]
      },
      {
        "t": 21075,
        "d": 3,
        "l": 0,
        "p": [        ]
      },
      {
        "t": 21150,
        "d": 2,
        "l": 0,
        "p": [        ]
      },
      {
        "t": 21300,
        "d": 0,
        "l": 0,
        "p": [        ]
      },
      {
        "t": 21450,
        "d": 1,
        "l": 0,
        "p": [        ]
      },
      {
        "t": 21600,
        "d": 0,
        "l": 300,
        "p": [        ]
      },
      {
        "t": 21750,
        "d": 3,
        "l": 0,
        "p": [        ]
      },
      {
        "t": 21975,
        "d": 3,
        "l": 0,
        "p": [        ]
      },
      {
        "t": 22200,
        "d": 0,
        "l": 0,
        "p": [        ]
      },
      {
        "t": 22350,
        "d": 2,
        "l": 0,
        "p": [        ]
      },
      {
        "t": 22500,
        "d": 3,
        "l": 0,
        "p": [        ]
      },
      {
        "t": 22800,
        "d": 2,
        "l": 0,
        "p": [        ]
      },
      {
        "t": 22950,
        "d": 1,
        "l": 0,
        "p": [        ]
      },
      {
        "t": 23025,
        "d": 1,
        "l": 0,
        "p": [        ]
      },
      {
        "t": 23325,
        "d": 2,
        "l": 675,
        "p": [        ]
      },
      {
        "t": 23700,
        "d": 4,
        "l": 0,
        "p": [        ]
      },
      {
        "t": 23700,
        "d": 5,
        "l": 0,
        "p": [        ]
      },
      {
        "t": 23925,
        "d": 7,
        "l": 0,
        "p": [        ]
      },
      {
        "t": 24150,
        "d": 6,
        "l": 0,
        "p": [        ]
      },
      {
        "t": 24300,
        "d": 5,
        "l": 0,
        "p": [        ]
      },
      {
        "t": 24450,
        "d": 4,
        "l": 150,
        "p": [        ]
      },
      {
        "t": 24450,
        "d": 5,
        "l": 0,
        "p": [        ]
      },
      {
        "t": 24675,
        "d": 7,
        "l": 0,
        "p": [        ]
      },
      {
        "t": 24750,
        "d": 6,
        "l": 0,
        "p": [        ]
      },
      {
        "t": 24900,
        "d": 4,
        "l": 0,
        "p": [        ]
      },
      {
        "t": 25050,
        "d": 5,
        "l": 0,
        "p": [        ]
      },
      {
        "t": 25200,
        "d": 7,
        "l": 0,
        "p": [        ]
      },
      {
        "t": 25350,
        "d": 6,
        "l": 0,
        "p": [        ]
      },
      {
        "t": 25425,
        "d": 5,
        "l": 0,
        "p": [        ]
      },
      {
        "t": 25500,
        "d": 4,
        "l": 150,
        "p": [        ]
      },
      {
        "t": 25650,
        "d": 7,
        "l": 150,
        "p": [        ]
      },
      {
        "t": 25950,
        "d": 4,
        "l": 450,
        "p": [        ]
      },
      {
        "t": 26100,
        "d": 7,
        "l": 0,
        "p": [        ]
      },
      {
        "t": 26550,
        "d": 7,
        "l": 0,
        "p": [        ]
      },
      {
        "t": 26700,
        "d": 4,
        "l": 0,
        "p": [        ]
      },
      {
        "t": 26775,
        "d": 5,
        "l": 0,
        "p": [        ]
      },
      {
        "t": 26850,
        "d": 7,
        "l": 0,
        "p": [        ]
      },
      {
        "t": 27000,
        "d": 6,
        "l": 0,
        "p": [        ]
      },
      {
        "t": 27300,
        "d": 4,
        "l": 0,
        "p": [        ]
      },
      {
        "t": 27300,
        "d": 0,
        "l": 0,
        "p": [        ]
      },
      {
        "t": 27375,
        "d": 5,
        "l": 0,
        "p": [        ]
      },
      {
        "t": 27375,
        "d": 1,
        "l": 0,
        "p": [        ]
      },
      {
        "t": 27450,
        "d": 7,
        "l": 0,
        "p": [        ]
      },
      {
        "t": 27450,
        "d": 3,
        "l": 0,
        "p": [        ]
      },
      {
        "t": 27600,
        "d": 5,
        "l": 0,
        "p": [        ]
      },
      {
        "t": 27600,
        "d": 1,
        "l": 0,
        "p": [        ]
      },
      {
        "t": 27750,
        "d": 6,
        "l": 0,
        "p": [        ]
      },
      {
        "t": 27750,
        "d": 2,
        "l": 0,
        "p": [        ]
      },
      {
        "t": 27900,
        "d": 7,
        "l": 300,
        "p": [        ]
      },
      {
        "t": 27900,
        "d": 3,
        "l": 300,
        "p": [        ]
      },
      {
        "t": 28200,
        "d": 4,
        "l": 0,
        "p": [        ]
      },
      {
        "t": 28200,
        "d": 0,
        "l": 0,
        "p": [        ]
      },
      {
        "t": 28275,
        "d": 5,
        "l": 0,
        "p": [        ]
      },
      {
        "t": 28275,
        "d": 1,
        "l": 0,
        "p": [        ]
      },
      {
        "t": 28425,
        "d": 6,
        "l": 0,
        "p": [        ]
      },
      {
        "t": 28425,
        "d": 2,
        "l": 0,
        "p": [        ]
      },
      {
        "t": 28500,
        "d": 7,
        "l": 0,
        "p": [        ]
      },
      {
        "t": 28500,
        "d": 3,
        "l": 0,
        "p": [        ]
      },
      {
        "t": 28725,
        "d": 4,
        "l": 0,
        "p": [        ]
      },
      {
        "t": 28725,
        "d": 0,
        "l": 0,
        "p": [        ]
      },
      {
        "t": 28950,
        "d": 5,
        "l": 0,
        "p": [        ]
      },
      {
        "t": 28950,
        "d": 1,
        "l": 0,
        "p": [        ]
      },
      {
        "t": 29025,
        "d": 6,
        "l": 0,
        "p": [        ]
      },
      {
        "t": 29025,
        "d": 2,
        "l": 0,
        "p": [        ]
      },
      {
        "t": 29100,
        "d": 7,
        "l": 300,
        "p": [        ]
      },
      {
        "t": 29100,
        "d": 3,
        "l": 300,
        "p": [        ]
      },
      {
        "t": 29550,
        "d": 5,
        "l": 0,
        "p": [        ]
      },
      {
        "t": 29550,
        "d": 1,
        "l": 0,
        "p": [        ]
      },
      {
        "t": 29625,
        "d": 6,
        "l": 0,
        "p": [        ]
      },
      {
        "t": 29625,
        "d": 2,
        "l": 0,
        "p": [        ]
      },
      {
        "t": 29700,
        "d": 4,
        "l": 300,
        "p": [        ]
      },
      {
        "t": 29700,
        "d": 0,
        "l": 1200,
        "p": [        ]
      },
      {
        "t": 30000,
        "d": 1,
        "l": 0,
        "p": [        ]
      },
      {
        "t": 30075,
        "d": 4,
        "l": 225,
        "p": [        ]
      },
      {
        "t": 30150,
        "d": 2,
        "l": 0,
        "p": [        ]
      },
      {
        "t": 30300,
        "d": 3,
        "l": 0,
        "p": [        ]
      },
      {
        "t": 30450,
        "d": 4,
        "l": 0,
        "p": [        ]
      },
      {
        "t": 30525,
        "d": 5,
        "l": 0,
        "p": [        ]
      },
      {
        "t": 30525,
        "d": 6,
        "l": 0,
        "p": [        ]
      },
      {
        "t": 30600,
        "d": 7,
        "l": 0,
        "p": [        ]
      },
      {
        "t": 30600,
        "d": 1,
        "l": 0,
        "p": [        ]
      },
      {
        "t": 30750,
        "d": 2,
        "l": 0,
        "p": [        ]
      },
      {
        "t": 30900,
        "d": 3,
        "l": 0,
        "p": [        ]
      },
      {
        "t": 31050,
        "d": 2,
        "l": 1800,
        "p": [        ]
      },
      {
        "t": 31200,
        "d": 6,
        "l": 675,
        "p": [        ]
      },
      {
        "t": 31200,
        "d": 3,
        "l": 0,
        "p": [        ]
      },
      {
        "t": 31500,
        "d": 1,
        "l": 0,
        "p": [        ]
      },
      {
        "t": 31650,
        "d": 0,
        "l": 0,
        "p": [        ]
      },
      {
        "t": 31950,
        "d": 4,
        "l": 0,
        "p": [        ]
      },
      {
        "t": 31950,
        "d": 3,
        "l": 0,
        "p": [        ]
      },
      {
        "t": 32100,
        "d": 7,
        "l": 0,
        "p": [        ]
      },
      {
        "t": 32250,
        "d": 1,
        "l": 0,
        "p": [        ]
      },
      {
        "t": 32400,
        "d": 0,
        "l": 0,
        "p": [        ]
      },
      {
        "t": 32550,
        "d": 7,
        "l": 0,
        "p": [        ]
      },
      {
        "t": 32700,
        "d": 5,
        "l": 0,
        "p": [        ]
      },
      {
        "t": 32700,
        "d": 3,
        "l": 0,
        "p": [        ]
      },
      {
        "t": 32925,
        "d": 6,
        "l": 300,
        "p": [        ]
      },
      {
        "t": 33000,
        "d": 3,
        "l": 1500,
        "p": [        ]
      },
      {
        "t": 33150,
        "d": 2,
        "l": 0,
        "p": [        ]
      },
      {
        "t": 33300,
        "d": 1,
        "l": 0,
        "p": [        ]
      },
      {
        "t": 33375,
        "d": 6,
        "l": 0,
        "p": [        ]
      },
      {
        "t": 33450,
        "d": 0,
        "l": 0,
        "p": [        ]
      },
      {
        "t": 33750,
        "d": 6,
        "l": 0,
        "p": [        ]
      },
      {
        "t": 33750,
        "d": 2,
        "l": 0,
        "p": [        ]
      },
      {
        "t": 33900,
        "d": 1,
        "l": 0,
        "p": [        ]
      },
      {
        "t": 34050,
        "d": 4,
        "l": 225,
        "p": [        ]
      },
      {
        "t": 34050,
        "d": 0,
        "l": 0,
        "p": [        ]
      },
      {
        "t": 34350,
        "d": 7,
        "l": 225,
        "p": [        ]
      },
      {
        "t": 34350,
        "d": 2,
        "l": 0,
        "p": [        ]
      },
      {
        "t": 34650,
        "d": 0,
        "l": 1950,
        "p": [        ]
      },
      {
        "t": 34650,
        "d": 4,
        "l": 225,
        "p": [        ]
      },
      {
        "t": 34800,
        "d": 1,
        "l": 0,
        "p": [        ]
      },
      {
        "t": 34950,
        "d": 6,
        "l": 0,
        "p": [        ]
      },
      {
        "t": 34950,
        "d": 2,
        "l": 0,
        "p": [        ]
      },
      {
        "t": 35100,
        "d": 3,
        "l": 0,
        "p": [        ]
      },
      {
        "t": 35175,
        "d": 5,
        "l": 300,
        "p": [        ]
      },
      {
        "t": 35400,
        "d": 7,
        "l": 1350,
        "p": [        ]
      },
      {
        "t": 35550,
        "d": 6,
        "l": 0,
        "p": [        ]
      },
      {
        "t": 35700,
        "d": 1,
        "l": 0,
        "p": [        ]
      },
      {
        "t": 35700,
        "d": 5,
        "l": 0,
        "p": [        ]
      },
      {
        "t": 35850,
        "d": 2,
        "l": 0,
        "p": [        ]
      },
      {
        "t": 35850,
        "d": 4,
        "l": 0,
        "p": [        ]
      },
      {
        "t": 36000,
        "d": 3,
        "l": 0,
        "p": [        ]
      },
      {
        "t": 36000,
        "d": 6,
        "l": 0,
        "p": [        ]
      },
      {
        "t": 36150,
        "d": 5,
        "l": 0,
        "p": [        ]
      },
      {
        "t": 36300,
        "d": 4,
        "l": 0,
        "p": [        ]
      },
      {
        "t": 36300,
        "d": 1,
        "l": 0,
        "p": [        ]
      },
      {
        "t": 36450,
        "d": 2,
        "l": 0,
        "p": [        ]
      },
      {
        "t": 36450,
        "d": 6,
        "l": 0,
        "p": [        ]
      },
      {
        "t": 36600,
        "d": 3,
        "l": 0,
        "p": [        ]
      },
      {
        "t": 36600,
        "d": 5,
        "l": 0,
        "p": [        ]
      },
      {
        "t": 36750,
        "d": 1,
        "l": 1650,
        "p": [        ]
      },
      {
        "t": 36825,
        "d": 4,
        "l": 375,
        "p": [        ]
      },
      {
        "t": 37200,
        "d": 5,
        "l": 450,
        "p": [        ]
      },
      {
        "t": 37500,
        "d": 0,
        "l": 0,
        "p": [        ]
      },
      {
        "t": 37725,
        "d": 7,
        "l": 150,
        "p": [        ]
      },
      {
        "t": 38025,
        "d": 4,
        "l": 0,
        "p": [        ]
      },
      {
        "t": 38250,
        "d": 7,
        "l": 0,
        "p": [        ]
      },
      {
        "t": 38400,
        "d": 0,
        "l": 0,
        "p": [        ]
      },
      {
        "t": 38475,
        "d": 4,
        "l": 0,
        "p": [        ]
      },
      {
        "t": 38550,
        "d": 3,
        "l": 2250,
        "p": [        ]
      },
      {
        "t": 38850,
        "d": 1,
        "l": 0,
        "p": [        ]
      },
      {
        "t": 39000,
        "d": 7,
        "l": 1800,
        "p": [        ]
      },
      {
        "t": 39750,
        "d": 1,
        "l": 0,
        "p": [        ]
      },
      {
        "t": 39750,
        "d": 5,
        "l": 0,
        "p": [        ]
      },
      {
        "t": 40650,
        "d": 1,
        "l": 0,
        "p": [        ]
      },
      {
        "t": 40650,
        "d": 5,
        "l": 0,
        "p": [        ]
      },
      {
        "t": 40875,
        "d": 0,
        "l": 1575,
        "p": [        ]
      },
      {
        "t": 40875,
        "d": 4,
        "l": 1575,
        "p": [        ]
      },
      {
        "t": 41175,
        "d": 6,
        "l": 0,
        "p": [        ]
      },
      {
        "t": 41175,
        "d": 2,
        "l": 0,
        "p": [        ]
      },
      {
        "t": 42075,
        "d": 6,
        "l": 0,
        "p": [        ]
      },
      {
        "t": 42075,
        "d": 2,
        "l": 0,
        "p": [        ]
      },
      {
        "t": 42600,
        "d": 1,
        "l": 2250,
        "p": [        ]
      },
      {
        "t": 42600,
        "d": 6,
        "l": 2250,
        "p": [        ]
      },
      {
        "t": 42900,
        "d": 3,
        "l": 0,
        "p": [        ]
      },
      {
        "t": 42900,
        "d": 4,
        "l": 0,
        "p": [        ]
      },
      {
        "t": 43800,
        "d": 3,
        "l": 0,
        "p": [        ]
      },
      {
        "t": 43800,
        "d": 4,
        "l": 0,
        "p": [        ]
      },
      {
        "t": 44550,
        "d": 3,
        "l": 0,
        "p": [        ]
      },
      {
        "t": 44700,
        "d": 4,
        "l": 0,
        "p": [        ]
      },
      {
        "t": 44925,
        "d": 3,
        "l": 1725,
        "p": [        ]
      },
      {
        "t": 44925,
        "d": 7,
        "l": 1725,
        "p": [        ]
      },
      {
        "t": 45375,
        "d": 0,
        "l": 0,
        "p": [        ]
      },
      {
        "t": 45375,
        "d": 4,
        "l": 0,
        "p": [        ]
      },
      {
        "t": 46275,
        "d": 0,
        "l": 0,
        "p": [        ]
      },
      {
        "t": 46275,
        "d": 4,
        "l": 0,
        "p": [        ]
      },
      {
        "t": 46800,
        "d": 0,
        "l": 0,
        "p": [        ]
      },
      {
        "t": 46800,
        "d": 4,
        "l": 0,
        "p": [        ]
      },
      {
        "t": 46875,
        "d": 5,
        "l": 0,
        "p": [        ]
      },
      {
        "t": 46875,
        "d": 1,
        "l": 0,
        "p": [        ]
      },
      {
        "t": 46950,
        "d": 2,
        "l": 0,
        "p": [        ]
      },
      {
        "t": 46950,
        "d": 6,
        "l": 0,
        "p": [        ]
      },
      {
        "t": 47025,
        "d": 7,
        "l": 0,
        "p": [        ]
      },
      {
        "t": 47025,
        "d": 3,
        "l": 0,
        "p": [        ]
      }
    ],
    "normal": [
      {
        "t": 15525,
        "d": 4,
        "l": 0,
        "p": [        ]
      },
      {
        "t": 15750,
        "d": 7,
        "l": 0,
        "p": [        ]
      },
      {
        "t": 15975,
        "d": 6,
        "l": 0,
        "p": [        ]
      },
      {
        "t": 16275,
        "d": 7,
        "l": 0,
        "p": [        ]
      },
      {
        "t": 16425,
        "d": 7,
        "l": 0,
        "p": [        ]
      },
      {
        "t": 16650,
        "d": 4,
        "l": 0,
        "p": [        ]
      },
      {
        "t": 16800,
        "d": 6,
        "l": 0,
        "p": [        ]
      },
      {
        "t": 17025,
        "d": 5,
        "l": 0,
        "p": [        ]
      },
      {
        "t": 17325,
        "d": 7,
        "l": 0,
        "p": [        ]
      },
      {
        "t": 17625,
        "d": 7,
        "l": 0,
        "p": [        ]
      },
      {
        "t": 17850,
        "d": 7,
        "l": 225,
        "p": [        ]
      },
      {
        "t": 18150,
        "d": 4,
        "l": 0,
        "p": [        ]
      },
      {
        "t": 18300,
        "d": 7,
        "l": 0,
        "p": [        ]
      },
      {
        "t": 18600,
        "d": 4,
        "l": 0,
        "p": [        ]
      },
      {
        "t": 18900,
        "d": 7,
        "l": 0,
        "p": [        ]
      },
      {
        "t": 19200,
        "d": 4,
        "l": 0,
        "p": [        ]
      },
      {
        "t": 19350,
        "d": 3,
        "l": 0,
        "p": [        ]
      },
      {
        "t": 19650,
        "d": 0,
        "l": 0,
        "p": [        ]
      },
      {
        "t": 19950,
        "d": 3,
        "l": 0,
        "p": [        ]
      },
      {
        "t": 20250,
        "d": 1,
        "l": 0,
        "p": [        ]
      },
      {
        "t": 20400,
        "d": 1,
        "l": 0,
        "p": [        ]
      },
      {
        "t": 20775,
        "d": 0,
        "l": 0,
        "p": [        ]
      },
      {
        "t": 21075,
        "d": 3,
        "l": 0,
        "p": [        ]
      },
      {
        "t": 21300,
        "d": 0,
        "l": 0,
        "p": [        ]
      },
      {
        "t": 21600,
        "d": 0,
        "l": 300,
        "p": [        ]
      },
      {
        "t": 21900,
        "d": 3,
        "l": 0,
        "p": [        ]
      },
      {
        "t": 22200,
        "d": 0,
        "l": 0,
        "p": [        ]
      },
      {
        "t": 22500,
        "d": 3,
        "l": 0,
        "p": [        ]
      },
      {
        "t": 22800,
        "d": 2,
        "l": 0,
        "p": [        ]
      },
      {
        "t": 23025,
        "d": 1,
        "l": 0,
        "p": [        ]
      },
      {
        "t": 23325,
        "d": 2,
        "l": 675,
        "p": [        ]
      },
      {
        "t": 23700,
        "d": 4,
        "l": 0,
        "p": [        ]
      },
      {
        "t": 23925,
        "d": 7,
        "l": 0,
        "p": [        ]
      },
      {
        "t": 24150,
        "d": 6,
        "l": 0,
        "p": [        ]
      },
      {
        "t": 24300,
        "d": 5,
        "l": 0,
        "p": [        ]
      },
      {
        "t": 24450,
        "d": 4,
        "l": 150,
        "p": [        ]
      },
      {
        "t": 24675,
        "d": 7,
        "l": 0,
        "p": [        ]
      },
      {
        "t": 24900,
        "d": 4,
        "l": 0,
        "p": [        ]
      },
      {
        "t": 25050,
        "d": 5,
        "l": 0,
        "p": [        ]
      },
      {
        "t": 25200,
        "d": 7,
        "l": 0,
        "p": [        ]
      },
      {
        "t": 25350,
        "d": 6,
        "l": 0,
        "p": [        ]
      },
      {
        "t": 25500,
        "d": 4,
        "l": 150,
        "p": [        ]
      },
      {
        "t": 25650,
        "d": 7,
        "l": 150,
        "p": [        ]
      },
      {
        "t": 25950,
        "d": 4,
        "l": 450,
        "p": [        ]
      },
      {
        "t": 26550,
        "d": 7,
        "l": 0,
        "p": [        ]
      },
      {
        "t": 26700,
        "d": 4,
        "l": 0,
        "p": [        ]
      },
      {
        "t": 26850,
        "d": 7,
        "l": 0,
        "p": [        ]
      },
      {
        "t": 27000,
        "d": 6,
        "l": 0,
        "p": [        ]
      },
      {
        "t": 27300,
        "d": 4,
        "l": 0,
        "p": [        ]
      },
      {
        "t": 27300,
        "d": 0,
        "l": 0,
        "p": [        ]
      },
      {
        "t": 27450,
        "d": 7,
        "l": 0,
        "p": [        ]
      },
      {
        "t": 27450,
        "d": 3,
        "l": 0,
        "p": [        ]
      },
      {
        "t": 27600,
        "d": 5,
        "l": 0,
        "p": [        ]
      },
      {
        "t": 27600,
        "d": 1,
        "l": 0,
        "p": [        ]
      },
      {
        "t": 27750,
        "d": 6,
        "l": 0,
        "p": [        ]
      },
      {
        "t": 27750,
        "d": 2,
        "l": 0,
        "p": [        ]
      },
      {
        "t": 27900,
        "d": 7,
        "l": 300,
        "p": [        ]
      },
      {
        "t": 27900,
        "d": 3,
        "l": 300,
        "p": [        ]
      },
      {
        "t": 28200,
        "d": 4,
        "l": 0,
        "p": [        ]
      },
      {
        "t": 28200,
        "d": 0,
        "l": 0,
        "p": [        ]
      },
      {
        "t": 28500,
        "d": 7,
        "l": 0,
        "p": [        ]
      },
      {
        "t": 28500,
        "d": 3,
        "l": 0,
        "p": [        ]
      },
      {
        "t": 28725,
        "d": 4,
        "l": 0,
        "p": [        ]
      },
      {
        "t": 28725,
        "d": 0,
        "l": 0,
        "p": [        ]
      },
      {
        "t": 28950,
        "d": 5,
        "l": 0,
        "p": [        ]
      },
      {
        "t": 28950,
        "d": 1,
        "l": 0,
        "p": [        ]
      },
      {
        "t": 29100,
        "d": 7,
        "l": 300,
        "p": [        ]
      },
      {
        "t": 29100,
        "d": 3,
        "l": 300,
        "p": [        ]
      },
      {
        "t": 29550,
        "d": 5,
        "l": 0,
        "p": [        ]
      },
      {
        "t": 29550,
        "d": 1,
        "l": 0,
        "p": [        ]
      },
      {
        "t": 29700,
        "d": 4,
        "l": 300,
        "p": [        ]
      },
      {
        "t": 29700,
        "d": 0,
        "l": 1200,
        "p": [        ]
      },
      {
        "t": 30075,
        "d": 4,
        "l": 225,
        "p": [        ]
      },
      {
        "t": 30450,
        "d": 4,
        "l": 0,
        "p": [        ]
      },
      {
        "t": 30600,
        "d": 7,
        "l": 0,
        "p": [        ]
      },
      {
        "t": 31050,
        "d": 2,
        "l": 1800,
        "p": [        ]
      },
      {
        "t": 31200,
        "d": 6,
        "l": 675,
        "p": [        ]
      },
      {
        "t": 31950,
        "d": 4,
        "l": 0,
        "p": [        ]
      },
      {
        "t": 32100,
        "d": 7,
        "l": 0,
        "p": [        ]
      },
      {
        "t": 32550,
        "d": 7,
        "l": 0,
        "p": [        ]
      },
      {
        "t": 32700,
        "d": 5,
        "l": 0,
        "p": [        ]
      },
      {
        "t": 32925,
        "d": 6,
        "l": 300,
        "p": [        ]
      },
      {
        "t": 33000,
        "d": 3,
        "l": 1500,
        "p": [        ]
      },
      {
        "t": 33375,
        "d": 6,
        "l": 0,
        "p": [        ]
      },
      {
        "t": 33750,
        "d": 6,
        "l": 0,
        "p": [        ]
      },
      {
        "t": 34050,
        "d": 4,
        "l": 225,
        "p": [        ]
      },
      {
        "t": 34350,
        "d": 7,
        "l": 225,
        "p": [        ]
      },
      {
        "t": 34650,
        "d": 0,
        "l": 1950,
        "p": [        ]
      },
      {
        "t": 34650,
        "d": 4,
        "l": 225,
        "p": [        ]
      },
      {
        "t": 34950,
        "d": 6,
        "l": 0,
        "p": [        ]
      },
      {
        "t": 35175,
        "d": 5,
        "l": 300,
        "p": [        ]
      },
      {
        "t": 35400,
        "d": 7,
        "l": 1350,
        "p": [        ]
      },
      {
        "t": 36750,
        "d": 1,
        "l": 1650,
        "p": [        ]
      },
      {
        "t": 36825,
        "d": 4,
        "l": 375,
        "p": [        ]
      },
      {
        "t": 37200,
        "d": 5,
        "l": 450,
        "p": [        ]
      },
      {
        "t": 37725,
        "d": 7,
        "l": 150,
        "p": [        ]
      },
      {
        "t": 38025,
        "d": 4,
        "l": 0,
        "p": [        ]
      },
      {
        "t": 38250,
        "d": 7,
        "l": 0,
        "p": [        ]
      },
      {
        "t": 38475,
        "d": 4,
        "l": 0,
        "p": [        ]
      },
      {
        "t": 38550,
        "d": 3,
        "l": 2250,
        "p": [        ]
      },
      {
        "t": 39000,
        "d": 7,
        "l": 1800,
        "p": [        ]
      },
      {
        "t": 40875,
        "d": 0,
        "l": 1575,
        "p": [        ]
      },
      {
        "t": 40875,
        "d": 4,
        "l": 1575,
        "p": [        ]
      },
      {
        "t": 42600,
        "d": 1,
        "l": 2250,
        "p": [        ]
      },
      {
        "t": 42600,
        "d": 6,
        "l": 2250,
        "p": [        ]
      },
      {
        "t": 44925,
        "d": 3,
        "l": 1725,
        "p": [        ]
      },
      {
        "t": 44925,
        "d": 7,
        "l": 1725,
        "p": [        ]
      },
      {
        "t": 46800,
        "d": 0,
        "l": 0,
        "p": [        ]
      },
      {
        "t": 46800,
        "d": 4,
        "l": 0,
        "p": [        ]
      },
      {
        "t": 46950,
        "d": 1,
        "l": 0,
        "p": [        ]
      },
      {
        "t": 46950,
        "d": 5,
        "l": 0,
        "p": [        ]
      }
    ]
  },
  "generatedBy": "Friday Night Funkin' - v0.6.4"
}