{
  "version": "2.2.4",
  "songName": "Starman Funk",
  "artist": "TRMReborn",
  "divisions": 96,
  "looped": false,
  "offsets": {
    "instrumental": 0,
    "altInstrumentals": {    },
    "vocals": {    },
    "altVocals": {    }
  },
  "playData": {
    "songVariations": [    ],
    "difficulties": [
      "easy",
      "normal",
      "hard"
    ],
    "characters": {
      "player": "bf",
      "girlfriend": "gf",
      "opponent": "mario-starman-first",
      "instrumental": "",
      "altInstrumentals": [      ],
      "opponentVocals": [
        "mario-starman-first"
      ],
      "playerVocals": [
        "bf"
      ]
    },
    "stage": "starmanFunkStage",
    "noteStyle": "funkin",
    "ratings": {
      "easy": 1,
      "hard": 6,
      "normal": 3
    },
    "album": "volume1",
    "previewStart": 0,
    "previewEnd": 0
  },
  "generatedBy": "Friday Night Funkin' - v0.6.4",
  "timeFormat": "ms",
  "timeChanges": [
    {
      "t": 0,
      "b": 0,
      "bpm": 100,
      "n": 4,
      "d": 4,
      "bt": [
        4,
        4,
        4,
        4
      ]
    }
  ]
}